Movie Name,index
肖申克的救赎,1
霸王别姬,2
阿甘正传,3
泰坦尼克号,4
千与千寻,5
这个杀手不太冷,6
美丽人生,7
星际穿越,8
盗梦空间,9
楚门的世界,10
辛德勒的名单,11
忠犬八公的故事,12
海上钢琴师,13
三傻大闹宝莱坞,14
放牛班的春天,15
机器人总动员,16
疯狂动物城,17
无间道,18
控方证人,19
大话西游之大圣娶亲,20
熔炉,21
教父,22
触不可及,23
当幸福来敲门,24
寻梦环游记,25
末代皇帝,26
龙猫,27
怦然心动,28
活着,29
哈利·波特与魔法石,30
蝙蝠侠：黑暗骑士,31
指环王3：王者无敌,32
我不是药神,33
乱世佳人,34
飞屋环游记,35
素媛,36
哈尔的移动城堡,37
十二怒汉,38
让子弹飞,39
何以为家,40
摔跤吧！爸爸,41
猫鼠游戏,42
天空之城,43
海蒂和爷爷,44
鬼子来了,45
少年派的奇幻漂流,46
钢琴家,47
大话西游之月光宝盒,48
指环王2：双塔奇兵,49
闻香识女人,50
死亡诗社,51
绿皮书,52
大闹天宫,53
罗马假日,54
指环王1：护戒使者,55
黑客帝国,56
天堂电影院,57
教父2,58
狮子王,59
辩护人,60
饮食男女,61
搏击俱乐部,62
本杰明·巴顿奇事,63
美丽心灵,64
穿条纹睡衣的男孩,65
窃听风暴,66
情书,67
两杆大烟枪,68
西西里的美丽传说,69
音乐之声,70
看不见的客人,71
哈利·波特与死亡圣器(下),72
阿凡达,73
拯救大兵瑞恩,74
飞越疯人院,75
小鞋子,76
功夫,77
沉默的羔羊,78
布达佩斯大饭店,79
禁闭岛,80
蝴蝶效应,81
哈利·波特与阿兹卡班的囚徒,82
致命魔术,83
心灵捕手,84
超脱,85
低俗小说,86
摩登时代,87
海豚湾,88
春光乍泄,89
喜剧之王,90
美国往事,91
致命ID,92
杀人回忆,93
哈利·波特与密室,94
红辣椒,95
加勒比海盗,96
七宗罪,97
一一,98
狩猎,99
唐伯虎点秋香,100
7号房的礼物,101
被嫌弃的松子的一生,102
蝙蝠侠：黑暗骑士崛起,103
甜蜜蜜,104
爱在黎明破晓前,105
请以你的名字呼唤我,106
断背山,107
第六感,108
入殓师,109
剪刀手爱德华,110
重庆森林,111
超能陆战队,112
勇敢的心,113
幽灵公主,114
爱在日落黄昏时,115
寄生虫,116
菊次郎的夏天,117
借东西的小人阿莉埃蒂,118
消失的爱人,119
无人知晓,120
阳光灿烂的日子,121
完美的世界,122
倩女幽魂,123
时空恋旅人,124
天使爱美丽,125
小森林 夏秋篇,126
未麻的部屋,127
哈利·波特与火焰杯,128
侧耳倾听,129
驯龙高手,130
幸福终点站,131
一个叫欧维的男人决定去死,132
怪兽电力公司,133
教父3,134
小森林 冬春篇,135
新世界,136
玩具总动员3,137
傲慢与偏见,138
茶馆,139
萤火之森,140
被解救的姜戈,141
釜山行,142
神偷奶爸,143
色，戒,144
告白,145
哪吒闹海,146
九品芝麻官,147
玛丽和马克思,148
喜宴,149
大鱼,150
模仿游戏,151
头号玩家,152
花样年华,153
头脑特工队,154
射雕英雄传之东成西就,155
我是山姆,156
七武士,157
血战钢锯岭,158
阳光姐妹淘,159
惊魂记,160
恐怖直播,161
黑客帝国3：矩阵革命,162
你的名字。,163
三块广告牌,164
电锯惊魂,165
达拉斯买家俱乐部,166
心迷宫,167
疯狂原始人,168
谍影重重3,169
小丑,170
英雄本色,171
上帝之城,172
风之谷,173
绿里奇迹,174
爱在午夜降临前,175
海街日记,176
纵横四海,177
心灵奇旅,178
卢旺达饭店,179
背靠背，脸对脸,180
疯狂的石头,181
记忆碎片,182
2001太空漫游,183
雨中曲,184
无间道2,185
岁月神偷,186
小偷家族,187
无敌破坏王,188
忠犬八公物语,189
荒蛮故事,190
冰川时代,191
爆裂鼓手,192
恐怖游轮,193
牯岭街少年杀人事件,194
东京教父,195
魔女宅急便,196
大佛普拉斯,197
贫民窟的百万富翁,198
遗愿清单,199
东邪西毒,200
你看起来好像很好吃,201
可可西里,202
城市之光,203
黑天鹅,204
源代码,205
末路狂花,206
海边的曼彻斯特,207
真爱至上,208
波西米亚狂想曲,209
雨人,210
青蛇,211
初恋这件小事,212
爱乐之城,213
人工智能,214
疯狂的麦克斯4：狂暴之路,215
终结者2：审判日,216
恋恋笔记本,217
虎口脱险,218
芙蓉镇,219
新龙门客栈,220
罗生门,221
无耻混蛋,222
崖上的波妞,223
花束般的恋爱,224
千钧一发,225
彗星来的那一夜,226
哈利·波特与死亡圣器(上),227
萤火虫之墓,228
奇迹男孩,229
黑客帝国2：重装上阵,230
高山下的花环,231
白日梦想家,232
二十二,233
火星救援,234
战争之王,235
血钻,236
步履不停,237
千年女优,238
房间,239
哈利·波特与凤凰社,240
魂断蓝桥,241
谍影重重2,242
大红灯笼高高挂,243
蜘蛛侠：平行宇宙,244
弱点,245
谍影重重,246
阿飞正传,247
朗读者,248
再次出发之纽约遇见你,249
燃情岁月,250
